Product Name,Product URL
Alcatel 1B (2022),https://www.vodafone.co.uk/mobile/phones/pay-monthly-contracts/alcatel/1b-2022
Apple iPhone 11,https://www.vodafone.co.uk/mobile/phones/pay-monthly-contracts/apple/iphone-11
Apple iPhone 11 Pro Max (Refurbished-Great),https://www.vodafone.co.uk/mobile/phones/pay-monthly-contracts/apple/iphone-11-pro-max-refurbished-great
Apple iPhone 11 Pro Max (Refurbished-Pristine),https://www.vodafone.co.uk/mobile/phones/pay-monthly-contracts/apple/iphone-11-pro-max-refurbished-pristine
Apple iPhone 11 Pro (Refurbished-Great),https://www.vodafone.co.uk/mobile/phones/pay-monthly-contracts/apple/iphone-11-pro-refurbished-great
Apple iPhone 11 Pro (Refurbished-Pristine),https://www.vodafone.co.uk/mobile/phones/pay-monthly-contracts/apple/iphone-11-pro-refurbished-pristine
Apple iPhone 11 (Refurbished-Great),https://www.vodafone.co.uk/mobile/phones/pay-monthly-contracts/apple/iphone-11-refurbished-great
Apple iPhone 11 (Refurbished-Pristine),https://www.vodafone.co.uk/mobile/phones/pay-monthly-contracts/apple/iphone-11-refurbished-pristine
Apple iPhone 12,https://www.vodafone.co.uk/mobile/phones/pay-monthly-contracts/apple/iphone-12
Apple iPhone 12 Pro Max (Refurbished-Great),https://www.vodafone.co.uk/mobile/phones/pay-monthly-contracts/apple/iphone-12-pro-max-refurbished-great
Apple iPhone 12 Pro Max (Refurbished-Pristine),https://www.vodafone.co.uk/mobile/phones/pay-monthly-contracts/apple/iphone-12-pro-max-refurbished-pristine
Apple iPhone 12 Pro (Refurbished-Great),https://www.vodafone.co.uk/mobile/phones/pay-monthly-contracts/apple/iphone-12-pro-refurbished-great
Apple iPhone 12 Pro (Refurbished-Pristine),https://www.vodafone.co.uk/mobile/phones/pay-monthly-contracts/apple/iphone-12-pro-refurbished-pristine
Apple iPhone 12 (Refurbished-Great),https://www.vodafone.co.uk/mobile/phones/pay-monthly-contracts/apple/iphone-12-refurbished-great
Apple iPhone 12 (Refurbished-Pristine),https://www.vodafone.co.uk/mobile/phones/pay-monthly-contracts/apple/iphone-12-refurbished-pristine
Apple iPhone 13,https://www.vodafone.co.uk/mobile/phones/pay-monthly-contracts/apple/iphone-13
Apple iPhone 13 mini,https://www.vodafone.co.uk/mobile/phones/pay-monthly-contracts/apple/iphone-13-mini
Apple iPhone 13 Pro,https://www.vodafone.co.uk/mobile/phones/pay-monthly-contracts/apple/iphone-13-pro
Apple iPhone 13 Pro Max,https://www.vodafone.co.uk/mobile/phones/pay-monthly-contracts/apple/iphone-13-pro-max
Apple iPhone 13 (Refurbished-Great),https://www.vodafone.co.uk/mobile/phones/pay-monthly-contracts/apple/iphone-13-refurbished-great
Apple iPhone 13 (Refurbished-Pristine),https://www.vodafone.co.uk/mobile/phones/pay-monthly-contracts/apple/iphone-13-refurbished-pristine
Apple iPhone 14,https://www.vodafone.co.uk/mobile/phones/pay-monthly-contracts/apple/iphone-14
Apple iPhone 14 Plus,https://www.vodafone.co.uk/mobile/phones/pay-monthly-contracts/apple/iphone-14-plus
Apple iPhone 14 Pro,https://www.vodafone.co.uk/mobile/phones/pay-monthly-contracts/apple/iphone-14-pro
Apple iPhone 14 Pro Max,https://www.vodafone.co.uk/mobile/phones/pay-monthly-contracts/apple/iphone-14-pro-max
Apple iPhone 14 Pro Max (Refurbished-Pristine),https://www.vodafone.co.uk/mobile/phones/pay-monthly-contracts/apple/iphone-14-pro-max-refurbished-pristine
Apple iPhone 14 Pro (Refurbished-Pristine),https://www.vodafone.co.uk/mobile/phones/pay-monthly-contracts/apple/iphone-14-pro-refurbished-pristine
Apple iPhone 14 (Refurbished-Pristine),https://www.vodafone.co.uk/mobile/phones/pay-monthly-contracts/apple/iphone-14-refurbished-pristine
Apple iPhone SE (3rd gen),https://www.vodafone.co.uk/mobile/phones/pay-monthly-contracts/apple/iphone-se-2022
Apple iPhone SE (3rd gen) (Refurbished-Great),https://www.vodafone.co.uk/mobile/phones/pay-monthly-contracts/apple/iphone-se-3rd-gen-refurbished-great
Apple iPhone SE (3rd gen) (Refurbished-Pristine),https://www.vodafone.co.uk/mobile/phones/pay-monthly-contracts/apple/iphone-se-3rd-gen-refurbished-pristine
Apple iPhone XR (Refurbished-Great),https://www.vodafone.co.uk/mobile/phones/pay-monthly-contracts/apple/iphone-xr-refurbished-great
Apple iPhone XR (Refurbished-Pristine),https://www.vodafone.co.uk/mobile/phones/pay-monthly-contracts/apple/iphone-xr-refurbished-pristine
Doro 8100,https://www.vodafone.co.uk/mobile/phones/pay-monthly-contracts/doro/8100
Fairphone 4,https://www.vodafone.co.uk/mobile/phones/pay-monthly-contracts/fairphone/4
Google Pixel 6,https://www.vodafone.co.uk/mobile/phones/pay-monthly-contracts/google/pixel-6
Google Pixel 6 Pro,https://www.vodafone.co.uk/mobile/phones/pay-monthly-contracts/google/pixel-6-pro
Google Pixel 6a,https://www.vodafone.co.uk/mobile/phones/pay-monthly-contracts/google/pixel-6a
Google Pixel 7,https://www.vodafone.co.uk/mobile/phones/pay-monthly-contracts/google/pixel-7
Google Pixel 7 Pro,https://www.vodafone.co.uk/mobile/phones/pay-monthly-contracts/google/pixel-7-pro
HONOR 70,https://www.vodafone.co.uk/mobile/phones/pay-monthly-contracts/honor/70
HONOR Magic4 Lite 5G,https://www.vodafone.co.uk/mobile/phones/pay-monthly-contracts/honor/magic4-lite-5g
HONOR Magic4 Pro,https://www.vodafone.co.uk/mobile/phones/pay-monthly-contracts/honor/magic4-pro
HONOR Magic5 Lite 5G,https://www.vodafone.co.uk/mobile/phones/pay-monthly-contracts/honor/magic5-lite-5g
Mobiwire Smart N12,https://www.vodafone.co.uk/mobile/phones/pay-monthly-contracts/mobiwire/smart-n12
Motorola Moto e32,https://www.vodafone.co.uk/mobile/phones/pay-monthly-contracts/motorola/e32
Motorola Moto g62 5G,https://www.vodafone.co.uk/mobile/phones/pay-monthly-contracts/motorola/g62
Motorola Moto Edge20 Pro,https://www.vodafone.co.uk/mobile/phones/pay-monthly-contracts/motorola/moto-edge20-pro
Motorola Moto g32,https://www.vodafone.co.uk/mobile/phones/pay-monthly-contracts/motorola/moto-g32
Nokia G11,https://www.vodafone.co.uk/mobile/phones/pay-monthly-contracts/nokia/g11
Nokia G50,https://www.vodafone.co.uk/mobile/phones/pay-monthly-contracts/nokia/g50
Nokia G60 5G,https://www.vodafone.co.uk/mobile/phones/pay-monthly-contracts/nokia/g60-5g
OPPO A54 5G,https://www.vodafone.co.uk/mobile/phones/pay-monthly-contracts/oppo/a54-5g
OPPO A57,https://www.vodafone.co.uk/mobile/phones/pay-monthly-contracts/oppo/a57
OPPO Find N2 Flip,https://www.vodafone.co.uk/mobile/phones/pay-monthly-contracts/oppo/find-n2-flip
OPPO Find X5 5G,https://www.vodafone.co.uk/mobile/phones/pay-monthly-contracts/oppo/find-x5-5g
OPPO Find X5 Lite 5G,https://www.vodafone.co.uk/mobile/phones/pay-monthly-contracts/oppo/find-x5-lite-5g
OPPO Find X5 Pro 5G,https://www.vodafone.co.uk/mobile/phones/pay-monthly-contracts/oppo/find-x5-pro-5g
OPPO Reno8 5G,https://www.vodafone.co.uk/mobile/phones/pay-monthly-contracts/oppo/reno8-5g
OPPO Reno8 Pro 5G,https://www.vodafone.co.uk/mobile/phones/pay-monthly-contracts/oppo/reno8-pro-5g
Samsung Galaxy A04s,https://www.vodafone.co.uk/mobile/phones/pay-monthly-contracts/samsung/galaxy-a04s
Samsung Galaxy A14,https://www.vodafone.co.uk/mobile/phones/pay-monthly-contracts/samsung/galaxy-a14
Samsung Galaxy A14 5G,https://www.vodafone.co.uk/mobile/phones/pay-monthly-contracts/samsung/galaxy-a14-5g
Samsung Galaxy A23 5G,https://www.vodafone.co.uk/mobile/phones/pay-monthly-contracts/samsung/galaxy-a23-5g
Samsung Galaxy A33 5G,https://www.vodafone.co.uk/mobile/phones/pay-monthly-contracts/samsung/galaxy-a33-5g
Samsung Galaxy A34 5G,https://www.vodafone.co.uk/mobile/phones/pay-monthly-contracts/samsung/galaxy-a34-5g
Samsung Galaxy A52s 5G,https://www.vodafone.co.uk/mobile/phones/pay-monthly-contracts/samsung/galaxy-a52s-5g
Samsung Galaxy A53 5G,https://www.vodafone.co.uk/mobile/phones/pay-monthly-contracts/samsung/galaxy-a53-5g
Samsung Galaxy A54 5G,https://www.vodafone.co.uk/mobile/phones/pay-monthly-contracts/samsung/galaxy-a54-5g
Samsung Galaxy S20 FE 4G (Refurbished-Great),https://www.vodafone.co.uk/mobile/phones/pay-monthly-contracts/samsung/galaxy-s20-fe-refurbished-great
Samsung Galaxy S20 FE 4G (Refurbished-Pristine),https://www.vodafone.co.uk/mobile/phones/pay-monthly-contracts/samsung/galaxy-s20-fe-refurbished-pristine
Samsung Galaxy S21 5G (Refurbished-Great),https://www.vodafone.co.uk/mobile/phones/pay-monthly-contracts/samsung/galaxy-s21-5g-refurbished-great
Samsung Galaxy S21 5G (Refurbished-Pristine),https://www.vodafone.co.uk/mobile/phones/pay-monthly-contracts/samsung/galaxy-s21-5g-refurbished-pristine
Samsung Galaxy S21 FE,https://www.vodafone.co.uk/mobile/phones/pay-monthly-contracts/samsung/galaxy-s21-fe
Samsung Galaxy S22,https://www.vodafone.co.uk/mobile/phones/pay-monthly-contracts/samsung/galaxy-s22
Samsung Galaxy S22+,https://www.vodafone.co.uk/mobile/phones/pay-monthly-contracts/samsung/galaxy-s22-plus
Samsung Galaxy S22 Ultra,https://www.vodafone.co.uk/mobile/phones/pay-monthly-contracts/samsung/galaxy-s22-ultra
Samsung Galaxy S23,https://www.vodafone.co.uk/mobile/phones/pay-monthly-contracts/samsung/galaxy-s23
Samsung Galaxy S23+,https://www.vodafone.co.uk/mobile/phones/pay-monthly-contracts/samsung/galaxy-s23-plus
Samsung Galaxy S23 Ultra,https://www.vodafone.co.uk/mobile/phones/pay-monthly-contracts/samsung/galaxy-s23-ultra
Samsung Galaxy XCover 5,https://www.vodafone.co.uk/mobile/phones/pay-monthly-contracts/samsung/galaxy-xcover-5
Samsung Galaxy XCover6 Pro,https://www.vodafone.co.uk/mobile/phones/pay-monthly-contracts/samsung/galaxy-xcover6-pro
Samsung Galaxy Z Flip3,https://www.vodafone.co.uk/mobile/phones/pay-monthly-contracts/samsung/galaxy-z-flip3
Samsung Galaxy Z Flip4,https://www.vodafone.co.uk/mobile/phones/pay-monthly-contracts/samsung/galaxy-z-flip4
Samsung Galaxy Z Fold3,https://www.vodafone.co.uk/mobile/phones/pay-monthly-contracts/samsung/galaxy-z-fold3
Samsung Galaxy Z Fold4,https://www.vodafone.co.uk/mobile/phones/pay-monthly-contracts/samsung/galaxy-z-fold4
Sony Xperia 10 IV,https://www.vodafone.co.uk/mobile/phones/pay-monthly-contracts/sony/xperia-10-iv
TCL 306,https://www.vodafone.co.uk/mobile/phones/pay-monthly-contracts/tcl/306
Xiaomi 11 Lite 5G NE,https://www.vodafone.co.uk/mobile/phones/pay-monthly-contracts/xiaomi/11-lite-5g-ne
Xiaomi 11T Pro,https://www.vodafone.co.uk/mobile/phones/pay-monthly-contracts/xiaomi/11t-pro
Xiaomi 12,https://www.vodafone.co.uk/mobile/phones/pay-monthly-contracts/xiaomi/12
Xiaomi 12 Pro,https://www.vodafone.co.uk/mobile/phones/pay-monthly-contracts/xiaomi/12-pro
Xiaomi Mi 11 5G,https://www.vodafone.co.uk/mobile/phones/pay-monthly-contracts/xiaomi/mi-11-5g
Xiaomi Redmi 9AT,https://www.vodafone.co.uk/mobile/phones/pay-monthly-contracts/xiaomi/redmi-9at
Xiaomi Redmi Note 10 5G,https://www.vodafone.co.uk/mobile/phones/pay-monthly-contracts/xiaomi/redmi-note-10-5g
Xiaomi Redmi Note 11 Pro 5G,https://www.vodafone.co.uk/mobile/phones/pay-monthly-contracts/xiaomi/redmi-note-11-pro-5g
